<beans xmlns="http://www.springframework.org/schema/beans"
	xmlns:mvc="http://www.springframework.org/schema/mvc"
	xmlns:xsi="http://www.w3.org/2001/XMLSchema-instance"
	xmlns:context="http://www.springframework.org/schema/context"
	xsi:schemaLocation="http://www.springframework.org/schema/beans
	http://www.springframework.org/schema/beans/spring-beans-3.0.xsd
	http://www.springframework.org/schema/mvc
	http://www.springframework.org/schema/mvc/spring-mvc-3.0.xsd
	http://www.springframework.org/schema/context
	http://www.springframework.org/schema/context/spring-context-3.0.xsd">
	
	<context:component-scan base-package="com.rms.controller,com.rms.service"/>
	<bean id="viewResolver"
	class="org.springframework.web.servlet.view.InternalResourceViewResolver">
	<property name="prefix"
	value="/WEB-INF/pages/"/>
	<property name="suffix"
	value=".jsp"/>
	</bean>
	
	<bean id="restTemplate"
	class="org.springframework.web.client.RestTemplate"/>
	
	 <mvc:resources mapping="/resources/**"
 location="/resources/public/" />  
 <mvc:annotation-driven />
 	</beans>