<beans xmlns="http://www.springframework.org/schema/beans"
	xmlns:mvc="http://www.springframework.org/schema/mvc"
	xmlns:xsi="http://www.w3.org/2001/XMLSchema-instance"
	xmlns:context="http://www.springframework.org/schema/context"
	xsi:schemaLocation="http://www.springframework.org/schema/beans
	http://www.springframework.org/schema/beans/spring-beans-3.0.xsd
	http://www.springframework.org/schema/mvc
	http://www.springframework.org/schema/mvc/spring-mvc-3.0.xsd
	http://www.springframework.org/schema/context
	http://www.springframework.org/schema/context/spring-context-3.0.xsd">

<context:component-scan base-package="com.rmsweb.controller,com.rmsweb.service,com.rmsweb.dao"/>
<bean id="dataSource"
class="org.springframework.jdbc.datasource.DriverManagerDataSource">
<property name="driverClassName" value="oracle.jdbc.driver.OracleDriver">
</property>
<property name="url" value="jdbc:oracle:thin:@localhost:1521:XE"/>
<property name="username" value="rms"/>
<property name="password" value="rms"/>
</bean>
<bean id="sessionFactory"
class="org.springframework.orm.hibernate3.annotation.AnnotationSessionFactoryBean">
<property name="dataSource" ref="dataSource"/>
<property name="hibernateProperties">
<props>
<prop key="hibernate.show_sql">true</prop>
<prop key="hibernate.dialect">org.hibernate.dialect.Oracle10gDialect</prop>
</props>
</property>
<property name="annotatedClasses">
<list>
<value>com.rmsutil.dto.Medicine</value>
<value>com.rmsutil.dto.Stock</value>
<value>com.rmsutil.dto.Login</value>
<value>com.rmsutil.dto.User</value>
<value>com.rmsutil.dto.Address</value>
</list>
</property>
</bean>
</beans>